X,Observation,Model
17.84,1.628E-05,1.72831547908291E-05
19.87,2.023E-05,1.89603556368157E-05
22.22,2.06E-05,2.09019428230564E-05
24.08,2.263E-05,2.2438688425783E-05
25.98,2.333E-05,2.40084823210414E-05
28.14,2.679E-05,2.57930901177562E-05
29.8,2.771E-05,2.71645942578241E-05
32.27,2.793E-05,2.920532632166E-05
34.25,3.079E-05,3.08412168019819E-05
35.85,3.247E-05,3.21631485032522E-05

